instnm,Applicants total (ADM2015),
Abilene Christian University,10804,
Abraham Baldwin Agricultural College,2653,
Academy of Interactive Entertainment,66,
Academy of Interactive Entertainment,69,
Adams State University,2592,
Adelphi University,9367,
Adrian College,5294,
Adult and Community Education-Hudson,24,
Advanced Technology Institute,562,
Adventist University of Health Sciences,189,
Advertising Art Educational Services DBA School of Advertising Art,468,
Agnes Scott College,1461,
AIB College of Business,405,
Akron School of Practical Nursing,58,
Alabama A & M University,7901,
Alabama State University,8356,
Alaska Pacific University,699,
Albany College of Pharmacy and Health Sciences,1421,
Albany State University,2196,
Albion College,2703,
Albright College,7645,
Alcorn State University,3010,
Alderson Broaddus University,4206,
Alfred University,3640,
Alice Lloyd College,4811,
Allegheny College,4324,
Allen College,3,
Alliant International University-San Diego,71,
Alma College,2479,
Alvernia University,1670,
Alverno College,613,
American Academy of Dramatic Arts-Los Angeles,1895,
American Academy of Dramatic Arts-New York,374,
American College of Healthcare Sciences,37,
American Conservatory Theater,1,
American Institute of Alternative Medicine,10,
American Institute of Medical Technology,13,
American International College,2060,
AMERICAN ISLAMIC COLLEGE,7,
American Jewish University,56,
American Musical and Dramatic Academy,8866,
American University,16735,
American University of Health Sciences,1,
AmeriTech College-Draper,53,
AmeriTech College-Provo,18,
Amherst College,8568,
Anderson University,2620,
Anderson University,3322,
Andrew College,400,
Andrews University,2201,
Angelo State University,3871,
Anna Maria College,1785,
Annenberg School of Nursing,4,
Antioch College,140,
Appalachian Bible College,101,
Appalachian State University,13083,
Aquinas College,2635,
Aquinas College,183,
Arcadia University,9641,
Aria Health School of Nursing,16,
Arizona Christian University,486,
Arizona State University-Downtown Phoenix,5066,
Arizona State University-Polytechnic,1771,
Arizona State University-Skysong,8789,
Arizona State University-Tempe,25380,
Arizona State University-West,1357,
Arkansas State University-Main Campus,5346,
Arkansas Tech University,4619,
Armstrong State University,2403,
Arnot Ogden Medical Center,5,
Art Academy of Cincinnati,579,
Art Center College of Design,610,
Asbury University,1620,
Ashland University,3087,
Assabet Valley Regional Technical School,25,
Associated Beth Rivkah Schools,62,
Assumption College,4771,
Atelier Esthetique Institute of Esthetics,40,
Atlanta Institute of Music and Media,106,
ATS Institute of Technology,103,
Auburn University,19414,
Auburn University at Montgomery,2494,
Augsburg College,2925,
Augusta University,2096,
Augustana College,6712,
Augustana University,1463,
Aultman College of Nursing and Health Sciences,15,
Aurora University,2843,
Austin College,3357,
Austin Peay State University,3595,
Autry Technology Center,123,
Ave Maria University,2261,
Averett University,2262,
Averett University-Non-Traditional Programs,300,
Avila University,2018,
Azusa Pacific University,6084,
B M Spurr School of Practical Nursing,6,
Babson College,7516,
Bacone College,1408,
Bais Binyomin Academy,16,
Bais HaMedrash and Mesivta of Baltimore,23,
Bais Medrash Toras Chesed,84,
Baker University,903,
Baldwin Wallace University,4363,
Ball State University,22147,
Baptist Health College-Little Rock,34,
Baptist Memorial College of Health Sciences,287,
Baptist Missionary Association Theological Seminary,10,
Barclay College,95,
Bard College,7044,
Bard College at Simon's Rock,199,
Barnard College,6655,
Barry University,3765,
Barton College,2920,
Bates College,5651,
Bay Path University,1148,
Baylor University,32136,
Be'er Yaakov Talmudic Seminary,151,
Beacon College,205,
Becker College,3268,
Beis Medrash Heichal Dovid,82,
Bel-Rea Institute of Animal Technology,231,
Belanger School of Nursing,17,
Belhaven University,3053,
Bellarmine University,5885,
Bellin College,42,
Belmont Abbey College,1967,
Belmont University,6145,
Beloit College,3552,
Bemidji State University,2566,
Benedictine College,2345,
Bennett College,1478,
Bennington College,1099,
Bentley University,8346,
Berea College,1635,
Berklee College of Music,8071,
Berry College,4347,
Bet Medrash Gadol Ateret Torah,40,
Beth Hamedrash Shaarei Yosher Institute,24,
Beth Hatalmud Rabbinical College,2,
Beth Medrash Meor Yitzchok,105,
Bethany College,1650,
Bethany College,1168,
Bethany Global University,93,
Bethany Lutheran College,347,
Bethel College-Indiana,1938,
Bethel College-North Newton,862,
Bethel University,1149,
Bethel University,1531,
Bethlehem College & Seminary,33,
Beverly Hills Design Institute,32,
Bidwell Training Center Inc,37,
Biola University,3874,
Birmingham Southern College,3679,
Birthwise Midwifery School,4,
Black Hills State University,1385,
Blackburn College,1078,
Bloomfield College,3027,
Bloomsburg University of Pennsylvania,9795,
Blue Hills Regional Technical School,11,
Blue Mountain College,126,
Bluefield College,669,
Bluefield State College,618,
Bluffton University,1652,
Bob Jones University,1101,
Boise Bible College,54,
Boise State University,8156,
Boston Baptist College,13,
Boston College,29486,
Boston University,54781,
Bowdoin College,6790,
Bowie State University,2671,
Bowling Green State University-Main Campus,14632,
Bradford School,582,
Bradley University,9186,
Brandeis University,10528,
Brandman University,51,
Brenau University,2324,
Brescia University,4153,
Brevard College,3215,
Bridgewater College,7187,
Bridgewater State University,5868,
Brigham Young University-Hawaii,2869,
Brigham Young University-Idaho,6805,
Brigham Young University-Provo,13376,
Bristol University,78,
Brooks Institute,367,
Broome Delaware Tioga BOCES-Practical Nursing Program,31,
Brown College of Court Reporting,27,
Brown University,30396,
Bryan College of Health Sciences,69,
Bryan College-Dayton,716,
Bryant University,6705,
Bryn Athyn College of the New Church,439,
Bryn Mawr College,2890,
Bucknell University,10967,
Buena Vista University,1372,
Butler University,9943,
Cabarrus College of Health Sciences,32,
Cabrini University,2544,
Cairn University-Langhorne,390,
Caldwell University,3582,
California Baptist University,4180,
California Christian College,2,
California College of the Arts,1990,
California Institute of Technology,6506,
California Institute of the Arts,2158,
California Jazz Conservatory,3,
California Lutheran University,6569,
California Polytechnic State University-San Luis Obispo,46820,
California State Polytechnic University-Pomona,33855,
California State University Maritime Academy,1206,
California State University-Bakersfield,8432,
California State University-Channel Islands,9517,
California State University-Chico,22760,
California State University-Dominguez Hills,16018,
California State University-East Bay,14775,
California State University-Fresno,19938,
California State University-Fullerton,41841,
California State University-Long Beach,58109,
California State University-Los Angeles,31855,
California State University-Monterey Bay,15561,
California State University-Northridge,34444,
California State University-Sacramento,22863,
California State University-San Bernardino,13804,
California State University-San Marcos,13718,
California State University-Stanislaus,7081,
California University of Pennsylvania,3590,
Calvary University,52,
Calvin College,3824,
Cambridge Junior College-Woodland,46,
Cambridge Junior College-Yuba City,132,
Campbell University,6626,
Campbellsville University,2579,
Canisius College,4209,
Canton City Schools Adult Career and Technical Education,102,
Capital University,3734,
Capitol Technology University,358,
Cardinal Stritch University,783,
Career Center of Southern Illinois,29,
Carleton College,6722,
Carlos Albizu University-Miami,25,
Carlos Albizu University-San Juan,81,
Carlow University,945,
Carnegie Mellon University,20547,
Carolina School of Broadcasting,3,
Carolinas College of Health Sciences,34,
Carrington College-Albuquerque,62,
Carrington College-Boise,30,
Carrington College-Citrus Heights,60,
Carrington College-Las Vegas,68,
Carrington College-Mesa,144,
Carrington College-Mesquite,79,
Carrington College-Phoenix East,43,
Carrington College-Phoenix North,246,
Carrington College-Pleasant Hill,75,
Carrington College-Pomona,58,
Carrington College-Portland,60,
Carrington College-Reno,45,
Carrington College-Sacramento,121,
Carrington College-San Jose,61,
Carrington College-San Leandro,80,
Carrington College-Spokane,56,
Carrington College-Stockton,88,
Carrington College-Tucson,133,
Carroll College,3513,
Carroll University,2337,
Carson-Newman University,5871,
Carthage College,7168,
Casa Loma College-Van Nuys,231,
Casal Institute of Nevada,220,
Case Western Reserve University,22807,
Cass Career Center,4,
Castleton University,2076,
Catawba College,3117,
Catholic University of America,5991,
Cazenovia College,2307,
Cedar Crest College,1086,
Cedarville University,3159,
Centenary College of Louisiana,747,
Centenary University,1186,
Center for Advanced Legal Studies,64,
Center for Instruction Technology & Innovation (CiTi),294,
Center for Natural Wellness School of Massage Therapy,46,
Central Baptist College,358,
Central Baptist Theological Seminary,5,
Central Christian College of the Bible,381,
Central Coast College,77,
Central College,3071,
Central Connecticut State University,8686,
Central Methodist University-College of Graduate and Extended Studies,20,
Central Methodist University-College of Liberal Arts and Sciences,1431,
Central Michigan University,18575,
Central Penn College,582,
Central State University,6502,
Central Susquehanna Intermediate Unit LPN Career,83,
Central Washington University,4934,
Central Yeshiva Tomchei Tmimim Lubavitz,62,
Centre College,2716,
Chamberlain College of Nursing-Arizona,10,
Chamberlain College of Nursing-Florida,12,
Chamberlain College of Nursing-Georgia,20,
Chamberlain College of Nursing-Illinois,25,
Chamberlain College of Nursing-Indiana,7,
Chamberlain College of Nursing-Michigan,2,
Chamberlain College of Nursing-Missouri,5,
Chamberlain College of Nursing-Nevada,5,
Chamberlain College of Nursing-New Jersey,4,
Chamberlain College of Nursing-Ohio,37,
Chamberlain College of Nursing-Texas,11,
Chamberlain College of Nursing-Virginia,6,
Chaminade University of Honolulu,896,
Champlain College,5587,
Chapman University,13670,
Charleston Southern University,4390,
Chatham University,1490,
Chester County Intermediate Unit,30,
Chestnut Hill College,1215,
Chicago State University,5883,
Chowan University,4829,
Christian Brothers University,2321,
Christopher Newport University,7366,
Cincinnati Christian University,227,
Circle in the Square Theatre School,120,
Citadel Military College of South Carolina,2436,
Citizens School of Nursing,3,
Claflin University,5418,
Claremont McKenna College,7156,
Clarion County Career Center Practical Nursing Program,24,
Clarion University of Pennsylvania,2215,
Clark Atlanta University,8611,
Clark University,8045,
Clarke University,1257,
Clarks Summit University,231,
Clarkson College,83,
Clarkson University,6906,
Clayton  State University,2774,
Cleary University,195,
Clemson University,22396,
Cleveland Institute of Art,738,
Cleveland Institute of Music,442,
Cleveland State University,10510,
Cleveland University-Kansas City,4,
Clinton Essex Warren Washington BOCES,172,
Coastal Carolina University,17252,
Coe College,3457,
Cogswell College,349,
Coker College,1484,
Colby College,7593,
Colby-Sawyer College,2172,
Colegio Universitario de San Juan,292,
Coleman University,87,
Colgate University,8724,
College for Creative Studies,1681,
College of Charleston,11722,
College of Coastal Georgia,1297,
College of Massage Therapy,37,
College of Micronesia-FSM,1613,
College of Mount Saint Vincent,2734,
College of Our Lady of the Elms,832,
College of Saint Benedict,1860,
College of Saint Elizabeth,804,
College of Saint Mary,314,
College of St Joseph,234,
College of Staten Island CUNY,11324,
College of the Atlantic,400,
College of the Holy Cross,6595,
College of the Ozarks,3122,
College of William and Mary,14952,
Colorado Academy of Veterinary Technology,15,
Colorado College,8060,
Colorado Mesa University,6670,
Colorado School of Mines,11752,
Colorado State University-Fort Collins,18556,
Colorado State University-Pueblo,6178,
Columbia Area Career Center,31,
Columbia College,515,
Columbia College Chicago,8391,
Columbia College-Hollywood,268,
Columbia International University,553,
Columbia University in the City of New York,36911,
Columbus College of Art and Design,727,
Columbus State University,3157,
Compass College of Cinematic Arts,44,
Conception Seminary College,19,
Concord University,1451,
Concorde Career College-Aurora,303,
Concorde Career College-Dallas,292,
Concorde Career College-Garden Grove,331,
Concorde Career College-Grand Prairie,288,
Concorde Career College-Kansas City,182,
Concorde Career College-Memphis,787,
Concorde Career College-North Hollywood,270,
Concorde Career College-Portland,135,
Concorde Career College-San Antonio,384,
Concorde Career College-San Bernardino,264,
Concorde Career College-San Diego,276,
Concorde Career Institute-Jacksonville,337,
Concorde Career Institute-Miramar,313,
Concorde Career Institute-Orlando,138,
Concorde Career Institute-Tampa,231,
Concordia College Alabama,3768,
Concordia College at Moorhead,2278,
Concordia College-New York,1024,
Concordia University-Ann Arbor,898,
Concordia University-Chicago,4448,
Concordia University-Irvine,3135,
Concordia University-Nebraska,1380,
Concordia University-Portland,2336,
Concordia University-Saint Paul,1483,
Concordia University-Texas,1036,
Concordia University-Wisconsin,2937,
Connecticut College,5182,
Converse College,1316,
Coppin State University,4453,
Corban University,3108,
Cornell College,1936,
Cornell University,41900,
Cornerstone University,2620,
Cornish College of the Arts,897,
Cottey College,412,
Covenant College,615,
Covenant School of Nursing and Allied Health,3,
Cox College,32,
Creighton University,9747,
Criswell College,16,
Crossroads College,34,
Crown College,1052,
Culinary Institute of America,1431,
Culver-Stockton College,2913,
Cumberland University,695,
CUNY Bernard M Baruch College,19864,
CUNY Brooklyn College,20324,
CUNY City College,20331,
CUNY Hunter College,28041,
CUNY John Jay College of Criminal Justice,13398,
CUNY Lehman College,14076,
CUNY Medgar Evers College,7730,
CUNY New York City College of Technology,16881,
CUNY Queens College,18416,
CUNY York College,13889,
Curry College,5554,
Curtis Institute of Music,541,
Cuyahoga Valley Career Center,28,
CVPH Medical Center School of Radiologic Technology,35,
D'Youville College,1220,
Daemen College,2959,
Dakota State University,912,
Dakota Wesleyan University,644,
Dallas Baptist University,2949,
Dallas Christian College,271,
Dallas Nursing Institute,754,
Daniel Webster College,815,
Dartmouth College,20507,
Davenport University,2219,
Davidson College,5382,
Davis & Elkins College,2175,
Davis College,118,
Dean College,2411,
Defiance College,1210,
Delaware Chenango Madison Otsego BOCES-Practical Nursing Program,7,
Delaware College of Art and Design,194,
Delaware County Technical School-Practical Nursing Program,9,
Delaware State University,8141,
Delaware Valley University,2594,
Delta State University,845,
Denison University,6110,
DePaul University,19628,
DePauw University,5182,
DeSales University,2706,
DeVry College of New York,114,
DeVry University-Arizona,116,
DeVry University-California,406,
DeVry University-Colorado,21,
DeVry University-Florida,74,
DeVry University-Georgia,160,
DeVry University-Illinois,1487,
DeVry University-Indiana,16,
DeVry University-Michigan,2,
DeVry University-Minnesota,7,
DeVry University-Missouri,22,
DeVry University-Nevada,10,
DeVry University-New Jersey,170,
DeVry University-North Carolina,15,
DeVry University-Ohio,195,
DeVry University-Oklahoma,12,
DeVry University-Oregon,1,
DeVry University-Pennsylvania,51,
DeVry University-Tennessee,17,
DeVry University-Texas,64,
DeVry University-Virginia,20,
DeVry University-Washington,2,
DeVry University-Wisconsin,1,
Dickinson College,6031,
Dickinson State University,347,
DigiPen Institute of Technology,773,
Dillard University,4615,
Diman Regional Technical Institute,44,
Divine Word College,23,
DLP Conemaugh Memorial Medical Center,42,
Doane University-Arts & Sciences,1892,
Dominican College of Blauvelt,1959,
Dominican University,4161,
Dominican University of California,2178,
Dordt College,1342,
Drake University,6514,
Drew University,3025,
Drexel University,28757,
Drury University,1076,
duCret School of Arts,12,
Duke University,31220,
Dunwoody College of Technology,433,
Duquesne University,7354,
Dutchess BOCES-Practical Nursing Program,50,
Earlham College,2549,
East Carolina University,16871,
East Central University,2398,
East Stroudsburg University of Pennsylvania,5982,
East Tennessee State University,8253,
East Texas Baptist University,1457,
Eastern Connecticut State University,5370,
Eastern Illinois University,9103,
Eastern Kentucky University,10215,
Eastern Mennonite University,1656,
Eastern Michigan University,14236,
Eastern Nazarene College,1129,
Eastern New Mexico University-Main Campus,2382,
Eastern Oregon University,994,
Eastern Suffolk BOCES,105,
Eastern University,2941,
Eastern Virginia Career College,164,
Eastern Washington University,5166,
Eastwick College-Hackensack,336,
Eastwick College-Nutley,404,
Eastwick College-Ramsey,107,
Ecclesia College,213,
Eckerd College,4402,
ECPI University,4176,
Edgewood College,1160,
EDIC College,822,
Edinboro University of Pennsylvania,3509,
EDP University of Puerto Rico Inc-San Juan,342,
Edward Waters College,3353,
Elizabeth City State University,1531,
Elizabethtown College,3453,
Elmhurst College,3620,
Elmira College,2387,
Elon University,10256,
Embry-Riddle Aeronautical University-Daytona Beach,4580,
Embry-Riddle Aeronautical University-Prescott,1908,
Embry-Riddle Aeronautical University-Worldwide,942,
Emerson College,8618,
Emmanuel College,5692,
Emmanuel College,1591,
Emmaus Bible College,432,
Emory & Henry College,1456,
Emory University,20492,
Emory University-Oxford College,9734,
Emporia State University,1736,
Endicott College,4005,
Erskine College,991,
Escuela de Artes Plasticas y Diseno de Puerto Rico,123,
Eureka College,1225,
Evangel University,1484,
Everglades University,231,
Fairfield University,10767,
Fairleigh Dickinson University-Florham Campus,4559,
Fairleigh Dickinson University-Metropolitan Campus,4491,
Fairmont State University,3019,
Faith Baptist Bible College and Theological Seminary,137,
Faith Theological Seminary,25,
Family of Faith Christian University,5,
Farmingdale State College,5256,
Fashion Institute of Technology,4753,
Faulkner University,1712,
Fayetteville State University,3943,
Felician University,1763,
Ferris State University,10297,
Ferrum College,3020,
FIDM-Fashion Institute of Design & Merchandising-Los Angeles,1419,
FIDM-Fashion Institute of Design & Merchandising-Orange County,164,
FIDM-Fashion Institute of Design & Merchandising-San Diego,154,
FIDM-Fashion Institute of Design & Merchandising-San Francisco,227,
Finger Lakes Health College of Nursing,8,
Finlandia University,1456,
Fisher College,2669,
Fisk University,3004,
Fitchburg State University,3998,
Five Towns College,395,
Flagler College-St Augustine,5260,
Flint Institute of Barbering Inc,29,
Florida Agricultural and Mechanical University,5832,
Florida Atlantic University,15847,
Florida College,297,
Florida Gulf Coast University,13608,
Florida Institute of Technology,9303,
Florida International Training Institute,25,
Florida International University,21442,
Florida Memorial University,5101,
Florida Polytechnic University,1812,
Florida School of Traditional Midwifery,26,
Florida Southern College,6190,
Florida State University,29828,
Fontbonne University,494,
Fordham University,42811,
Fort Hays State University,2337,
Fort Lewis College,3105,
Fort Valley State University,4925,
Fox College,102,
Framingham State University,4803,
Francis Marion University,3681,
Franciscan University of Steubenville,1738,
Franklin and Marshall College,7146,
Franklin College,2023,
Franklin Pierce University,3740,
Franklin W Olin College of Engineering,1075,
Freed-Hardeman University,981,
Fresno Pacific University,518,
Friends University,730,
Frostburg State University,3913,
Furman University,5143,
Gallaudet University,407,
Gannon University,4213,
Gardner-Webb University,3866,
Geisinger-Lewistown Hospital School of Nursing,58,
Gemini School of Visual Arts & Communication,7,
Geneva College,1678,
George Fox University,2903,
George Mason University,21981,
George Washington University,19837,
Georgetown College,2145,
Georgetown University,19478,
Georgia College and State University,3968,
Georgia Institute of Technology-Main Campus,27277,
Georgia Southern University,10098,
Georgia Southwestern State University,1167,
Georgia State University,13970,
Georgia State University-Perimeter College,9056,
Georgian Court University,1322,
Gettysburg College,6386,
Glenville State College,1429,
Global Health College,23,
Gnomon School of Visual Effects,11,
Goddard College,12,
Goldey-Beacom College,774,
Gonzaga University,6729,
Good Samaritan College of Nursing and Health Science,83,
Gordon College,1832,
Gordon State College,2480,
Goshen College,797,
Goucher College,3576,
Governors State University,1114,
Grace Bible College,364,
Grace College and Theological Seminary,3789,
Grace College of Divinity,36,
Grace University,220,
Graceland University-Lamoni,2159,
Grambling State University,3584,
Grand Canyon University,34475,
Grand River Technical School,54,
Grand Valley State University,16989,
Grand View University,784,
Greater Lowell Technical School,8,
Green Mountain College,825,
Greene County Career and Technology Center,18,
Greensboro College,1095,
Greenville College,1901,
Grinnell College,6414,
Grove City College,1541,
Guilford College,2782,
Gustavus Adolphus College,4657,
Gwynedd Mercy University,1146,
Hamilton College,5434,
Hamline University,3995,
Hampden-Sydney College,3683,
Hampshire College,2071,
Hampton University,10258,
Hannah E Mullins School of Practical Nursing,3,
Hannibal-LaGrange University,785,
Hanover College,3355,
Hardin-Simmons University,1595,
Harding University,1503,
Harrison College-Grove City,82,
Harrison College-Indianapolis,840,
Harrison College-Morrisville,70,
Hartwick College,2692,
Harvard University,37307,
Harvey Mudd College,4119,
Haskell Indian Nations University,327,
Hastings College,1688,
Haverford College,3467,
Hawaii Pacific University,3449,
Hawkeye Community College,3693,
Health Works Institute,24,
Healthcare Training Institute,29,
Hebrew Theological College,403,
Heidelberg University,1147,
Henderson State University,3786,
Hendrix College,1714,
Henrico County-Saint Marys Hospital School of Practical Nursing,31,
Heritage Christian University,10,
Herzing University-Akron,99,
Herzing University-Atlanta,212,
Herzing University-Birmingham,109,
Herzing University-Brookfield,46,
Herzing University-Kenner,71,
Herzing University-Kenosha,65,
Herzing University-Madison,432,
Herzing University-Minneapolis,41,
Herzing University-Toledo,71,
Herzing University-Winter Park,16,
High Point University,10910,
Hilbert College,743,
Hillsdale College,1859,
Hillyard Technical Center,60,
Hiram College,1864,
Hiwassee College,418,
Hobart William Smith Colleges,4457,
Hodges University,167,
Hofstra University,27991,
Hollins University,2233,
Holy Cross College,638,
Holy Family University,1328,
Holy Name Medical Center School of Nursing,30,
Holy Names University,872,
Hondros College of Nursing,236,
Hood College,1636,
Hope College,4420,
Hope International University,1051,
Houghton College,773,
Houston Baptist University,14519,
Howard Payne University,956,
Howard University,15163,
Humboldt State University,13018,
Huntingdon College,1839,
Huntingdon County Career and Technology Center,28,
Huntington University,945,
Hussian College School of Art,126,
Hussian College-Relativity Campus California,142,
Husson University,2066,
Huston-Tillotson University,2210,
Illinois College,2431,
Illinois Institute of Technology,4403,
Illinois State University,12139,
Illinois Wesleyan University,3744,
Immaculata University,1599,
Indiana Institute of Technology,3016,
Indiana State University,11819,
Indiana University of Pennsylvania-Main Campus,9566,
Indiana University-Bloomington,34483,
Indiana University-East,1311,
Indiana University-Kokomo,1534,
Indiana University-Northwest,1573,
Indiana University-Purdue University-Fort Wayne,3506,
Indiana University-Purdue University-Indianapolis,13529,
Indiana University-South Bend,2299,
Indiana University-Southeast,1930,
Indiana Wesleyan University-Marion,3176,
Institute of American Indian and Alaska Native Culture and Arts Development,128,
Instituto Tecnologico de Puerto Rico-Recinto de Guayama,407,
Instituto Tecnologico de Puerto Rico-Recinto de Manati,464,
Instituto Tecnologico de Puerto Rico-Recinto de Ponce,319,
Instituto Tecnologico de Puerto Rico-Recinto de San Juan,467,
Inter American University of Puerto Rico-Aguadilla,1649,
Inter American University of Puerto Rico-Arecibo,1330,
Inter American University of Puerto Rico-Barranquitas,1243,
Inter American University of Puerto Rico-Bayamon,1838,
Inter American University of Puerto Rico-Fajardo,717,
Inter American University of Puerto Rico-Guayama,609,
Inter American University of Puerto Rico-Metro,3775,
Inter American University of Puerto Rico-Ponce,1836,
Inter American University of Puerto Rico-San German,1541,
InterCoast Colleges-Anaheim,145,
International Business College-Fort Wayne,635,
International Business College-Indianapolis,537,
International Culinary Arts and Sciences Institute,3,
International Yacht Restoration School,92,
Iona College,9587,
Iowa State University,19164,
Iowa Wesleyan University,4981,
Ithaca College,16519,
ITT Technical Institute-Akron,127,
ITT Technical Institute-Albany,93,
ITT Technical Institute-Albuquerque,172,
ITT Technical Institute-Arlington,263,
ITT Technical Institute-Arlington Heights,69,
ITT Technical Institute-Arnold,116,
ITT Technical Institute-Atlanta,335,
ITT Technical Institute-Aurora,85,
ITT Technical Institute-Austin,142,
ITT Technical Institute-Baton Rouge,403,
ITT Technical Institute-Bessemer,355,
ITT Technical Institute-Boise,105,
ITT Technical Institute-Brooklyn Center,97,
ITT Technical Institute-Canton,239,
ITT Technical Institute-Chantilly,137,
ITT Technical Institute-Charlotte North,173,
ITT Technical Institute-Charlotte South,129,
ITT Technical Institute-Chattanooga,85,
ITT Technical Institute-Clive,48,
ITT Technical Institute-Clovis,108,
ITT Technical Institute-Columbia,156,
ITT Technical Institute-Columbus,200,
ITT Technical Institute-Concord,90,
ITT Technical Institute-Cordova,259,
ITT Technical Institute-Corona,136,
ITT Technical Institute-Dayton,157,
ITT Technical Institute-Dearborn,211,
ITT Technical Institute-DeSoto,90,
ITT Technical Institute-Douglasville,145,
ITT Technical Institute-Duluth,262,
ITT Technical Institute-Dunmore,61,
ITT Technical Institute-Durham,138,
ITT Technical Institute-Earth City,352,
ITT Technical Institute-Eden Prairie,64,
ITT Technical Institute-Everett,94,
ITT Technical Institute-Fort Lauderdale,250,
ITT Technical Institute-Fort Myers,236,
ITT Technical Institute-Fort Wayne,100,
ITT Technical Institute-Getzville,104,
ITT Technical Institute-Greenfield,209,
ITT Technical Institute-Greenville,107,
ITT Technical Institute-Hanover,145,
ITT Technical Institute-Harrisburg,81,
ITT Technical Institute-Henderson,135,
ITT Technical Institute-Hialeah,234,
ITT Technical Institute-High Point,232,
ITT Technical Institute-Hilliard,189,
ITT Technical Institute-Houston North,284,
ITT Technical Institute-Houston West,208,
ITT Technical Institute-Huntington,84,
ITT Technical Institute-Indianapolis,1647,
ITT Technical Institute-Indianapolis East,163,
ITT Technical Institute-Jacksonville,349,
ITT Technical Institute-Johnson City,96,
ITT Technical Institute-Kansas City,105,
ITT Technical Institute-Kennesaw,136,
ITT Technical Institute-Knoxville,112,
ITT Technical Institute-Lake Mary,277,
ITT Technical Institute-Las Vegas,153,
ITT Technical Institute-Lathrop,124,
ITT Technical Institute-Levittown,103,
ITT Technical Institute-Lexington,193,
ITT Technical Institute-Little Rock,134,
ITT Technical Institute-Liverpool,101,
ITT Technical Institute-Louisville,190,
ITT Technical Institute-Madison,59,
ITT Technical Institute-Madison,105,
ITT Technical Institute-Madison,242,
ITT Technical Institute-Marlton,203,
ITT Technical Institute-Maumee,72,
ITT Technical Institute-Merrillville,94,
ITT Technical Institute-Mobile,445,
ITT Technical Institute-Murray,105,
ITT Technical Institute-Myrtle Beach,62,
ITT Technical Institute-Nashville,194,
ITT Technical Institute-National City,200,
ITT Technical Institute-Newburgh,137,
ITT Technical Institute-Norfolk,296,
ITT Technical Institute-North Charleston,161,
ITT Technical Institute-Norwood,206,
ITT Technical Institute-Norwood,149,
ITT Technical Institute-Oak Brook,92,
ITT Technical Institute-Oakland,149,
ITT Technical Institute-Oklahoma City,147,
ITT Technical Institute-Omaha,150,
ITT Technical Institute-Orange,195,
ITT Technical Institute-Orland Park,237,
ITT Technical Institute-Owings Mills,191,
ITT Technical Institute-Oxnard,99,
ITT Technical Institute-Pensacola,136,
ITT Technical Institute-Philadelphia,384,
ITT Technical Institute-Phoenix,104,
ITT Technical Institute-Phoenix West,137,
ITT Technical Institute-Pittsburgh,88,
ITT Technical Institute-Plymouth Meeting,128,
ITT Technical Institute-Portland,211,
ITT Technical Institute-Rancho Cordova,161,
ITT Technical Institute-Richardson,324,
ITT Technical Institute-Richmond,235,
ITT Technical Institute-Saint Rose,223,
ITT Technical Institute-Salem,192,
ITT Technical Institute-Salem,58,
ITT Technical Institute-San Antonio,191,
ITT Technical Institute-San Antonio East,112,
ITT Technical Institute-San Bernardino,217,
ITT Technical Institute-San Dimas,202,
ITT Technical Institute-Seattle,137,
ITT Technical Institute-South Bend,69,
ITT Technical Institute-Spokane Valley,113,
ITT Technical Institute-Springfield,321,
ITT Technical Institute-Springfield,93,
ITT Technical Institute-Springfield,54,
ITT Technical Institute-Strongsville,135,
ITT Technical Institute-Swartz Creek,141,
ITT Technical Institute-Sylmar,217,
ITT Technical Institute-Tallahassee,132,
ITT Technical Institute-Tampa,386,
ITT Technical Institute-Tarentum,50,
ITT Technical Institute-Tempe,152,
ITT Technical Institute-Torrance,248,
ITT Technical Institute-Troy,218,
ITT Technical Institute-Tucson,137,
ITT Technical Institute-Tulsa,191,
ITT Technical Institute-Waco,71,
ITT Technical Institute-Warrensville Heights,225,
ITT Technical Institute-Webster,181,
ITT Technical Institute-West Palm Beach,197,
ITT Technical Institute-Westminster,59,
ITT Technical Institute-Wichita,91,
ITT Technical Institute-Wilmington,108,
ITT Technical Institute-Wyoming,114,
ITT Technical Institute-Youngstown,174,
Jackson State University,8035,
Jacksonville State University,3085,
Jacksonville University,3803,
James Madison University,21439,
Jamestown Business College,129,
Jefferson County Dubois Area Vocational Technical Practical Nursing Program,10,
Jefferson Lewis BOCES-Practical Nursing Program,17,
Jersey College,176,
Jewish Theological Seminary of America,106,
JFK Muhlenberg Harold B & Dorothy A Snyder Schools-School of Imaging,3,
JFK Muhlenberg Harold B & Dorothy A Snyder Schools-School of Nursing,9,
Joe Kubert School of Cartoon and Graphic Art,72,
Joffrey Ballet School,4748,
John A Gupton College,64,
John Brown University,1166,
John Carroll University,4087,
John Paul the Great Catholic University,122,
John Wesley University,104,
Johns Hopkins University,25474,
Johnson & Wales University-Charlotte,4537,
Johnson & Wales University-Denver,2319,
Johnson & Wales University-North Miami,4049,
Johnson & Wales University-Online,11,
Johnson & Wales University-Providence,11971,
Johnson C Smith University,4346,
Johnson College,695,
Johnson State College,850,
Johnson University,417,
Johnson University Florida,273,
Judson College,329,
Judson University,653,
Juniata College,2604,
Kalamazoo College,2455,
Kansas City Art Institute,698,
Kansas State University,9178,
Kansas Wesleyan University,818,
KD Conservatory College of Film and Dramatic Arts,133,
Kean University,7944,
Keene State College,5674,
Kendall College,176,
Kennesaw State University,14215,
Kenrick Glennon Seminary,16,
Kent State University at Kent,15772,
Kentucky Christian University,1185,
Kentucky Mountain Bible College,51,
Kentucky State University,4768,
Kentucky Wesleyan College,1073,
Kenyon College,6644,
Kettering College,68,
Kettering University,2478,
Keuka College,2290,
Key College,10,
Keystone College,999,
King University,843,
King's College,3244,
King's College,669,
Kirksville Area Technical Center,49,
Knox College,3445,
Kutztown University of Pennsylvania,8023,
Kuyper College,215,
La Roche College,1167,
La Salle University,6057,
La Sierra University,4328,
Laboure College,21,
Lafayette College,7465,
LaGrange College,1530,
Laguna College of Art and Design,322,
Lake Erie College,1712,
Lake Forest College,3373,
Lake Superior State University,1615,
Lakeland University,1017,
Lamar University,4529,
Lancaster Bible College,429,
Lander University,2614,
Landmark College,487,
Lane College,4729,
Lasell College,3171,
Laurel Business Institute,146,
Laurel Technical Institute,97,
Laurel Technical Institute,90,
Lawrence Technological University,2147,
Lawrence University,3014,
Le Moyne College,6877,
Le Moyne-Owen College,527,
Lebanon Valley College,3329,
Lee University,2141,
Lees-McRae College,1400,
Lehigh University,12843,
Lenoir-Rhyne University,3994,
Lesley University,3182,
LeTourneau University,2203,
Lewis & Clark College,7368,
Lewis University,5728,
Lewis-Clark State College,1074,
Lex La-Ray Technical Center,14,
Liberty University,48936,
Life Pacific College,224,
Life University,301,
LIM College,1070,
Limestone College,3115,
Lincoln Christian University,250,
Lincoln College,1343,
Lincoln Memorial University,2306,
Lincoln University,3318,
Lindenwood University,4156,
Linfield College-McMinnville Campus,2330,
Lipscomb University,3311,
LIU Brooklyn,7289,
LIU Post,6371,
Livingstone College,4574,
Lock Haven University,3415,
Longwood University,4716,
Longy School of Music of Bard College,33,
Loras College,1250,
Louisburg College,1191,
Louisiana College,756,
Louisiana Culinary Institute,132,
Louisiana State University and Agricultural & Mechanical College,17429,
Louisiana State University-Alexandria,2279,
Louisiana State University-Shreveport,642,
Louisiana Tech University,6378,
Lourdes University,692,
Loyola Marymount University,13288,
Loyola University Chicago,21555,
Loyola University Maryland,13867,
Loyola University New Orleans,3591,
Lubbock Christian University,867,
Luther College,3896,
Luther Rice College & Seminary,13,
Lycoming College,1845,
Lynchburg College,4916,
Lyndon State College,1180,
Lynn University,3770,
Lyon College,1607,
Macalester College,6030,
Machzikei Hadath Rabbinical College,34,
MacMurray College,959,
Madison Oneida BOCES-Practical Nursing Program,13,
Madonna University,972,
Maharishi University of Management,84,
Maine College of Art,411,
Maine College of Health Professions,12,
Maine Maritime Academy,769,
Malone University,1168,
Manchester University,2949,
Manhattan Christian College,202,
Manhattan College,8313,
Manhattan School of Music,877,
Manhattanville College,4033,
Manor College,1115,
Mansfield University of Pennsylvania,1918,
Maranatha Baptist University,338,
Maria College of Albany,306,
Marian University,2046,
Marian University,1174,
Marietta College,2863,
Marion Military Institute,904,
Marion S Whelan School of Nursing of Geneva General Hospital,2,
Marist College,9213,
Marlboro College,144,
Marquette University,20486,
Mars Hill University,3010,
Marshall University,4911,
Martin Luther College,262,
Mary Baldwin University,2774,
Marygrove College,1148,
Maryland Institute College of Art,3818,
Marylhurst University,5,
Marymount Manhattan College,4459,
Marymount University,2684,
Maryville College,1701,
Maryville University of Saint Louis,1457,
Marywood University,2273,
Massachusetts College of Art and Design,1273,
Massachusetts College of Liberal Arts,2091,
Massachusetts Institute of Technology,18306,
Massachusetts Maritime Academy,825,
Mauna Loa Helicopters,16,
McDaniel College,2864,
McKendree University,1904,
McMurry University,1378,
McNally Smith College of Music,374,
McNeese State University,3002,
McPherson College,656,
MCPHS University,4867,
Medaille College,1321,
Medical Professional Institute,10,
Memorial College of Nursing,5,
Menlo College,2445,
Mercer University,4559,
Mercy College,5573,
Mercy College of Health Sciences,76,
Mercy College of Ohio,251,
Mercy Hospital School of Nursing,4,
Mercy Hospital School of Practical Nursing-Plantation General Hospital,5,
Mercyhurst University,2749,
Meredith College,1721,
Merkaz Bnos-Business School,129,
Merrimack College,7751,
Mesivta Keser Torah,2,
Mesivta of Eastern Parkway-Yeshiva Zichron Meilech,8,
Mesivta Torah Vodaath Rabbinical Seminary,10,
Mesivtha Tifereth Jerusalem of America,24,
Messenger College,103,
Messiah College,2469,
Methodist College,78,
Methodist University,4480,
Metropolitan College of New York,333,
Metropolitan State University,476,
Metropolitan State University of Denver,6052,
Miami University-Oxford,27454,
MIAT College of Technology,246,
Michigan Jewish Institute,1621,
Michigan State University,35300,
Michigan Technological University,5386,
Mid-Atlantic Christian University,224,
MidAmerica Nazarene University,898,
Middle Georgia State University,3160,
Middle Tennessee State University,8164,
Middlebury College,8891,
Midland University,1745,
Midstate College,19,
Midway University,397,
Midwestern Baptist Theological Seminary,58,
Midwestern State University,2854,
Midwives College of Utah,10,
Mifflin County Academy of Science and Technology,48,
Millersville University of Pennsylvania,6053,
Milligan College,603,
Millikin University,3540,
Mills College,893,
Millsaps College,3657,
Milwaukee Career College,46,
Milwaukee Institute of Art & Design,684,
Milwaukee School of Engineering,2326,
Minerva Schools at Keck Graduate Institute,9032,
Minneapolis College of Art and Design,556,
Minnesota State University Moorhead,2559,
Minnesota State University-Mankato,10134,
Minot State University,840,
Mirrer Yeshiva Cent Institute,70,
Misericordia University,1956,
Mississippi College,1958,
Mississippi State University,12446,
Mississippi University for Women,671,
Mississippi Valley State University,2310,
Missouri Baptist University,900,
Missouri Southern State University,2333,
Missouri State University-Springfield,8672,
Missouri University of Science and Technology,3592,
Missouri Valley College,2879,
Mitchell College,787,
Modern Hairstyling Institute-Arecibo,105,
Modern Hairstyling Institute-Bayamon,335,
Modern Hairstyling Institute-Carolina,218,
Modern Technology School,165,
Molloy College,3550,
Monmouth College,2657,
Monmouth University,7691,
Monongalia County Technical Education Center,15,
Monroe College,4146,
Montana Bible College,35,
Montana State University,14816,
Montana State University-Northern,473,
Montana Tech of the University of Montana,687,
Montclair State University,11990,
Monteclaro Escuela de Hoteleria y Artes Culinarias,8,
Montessori Education Center of the Rockies,13,
Montreat College,857,
Moody Bible Institute,1061,
Moore College of Art and Design,357,
Moore Norman Technology Center,748,
Moravian College,2737,
Morehead State University,4888,
Morehouse College,2288,
Morgan State University,5090,
Morningside College,4556,
Morris County Vocational School District,32,
Morrisville State College,3935,
Morthland College,196,
Motoring Technical Training Institute,231,
MotoRing Technical Training Institute,17,
Mount Aloysius College,1485,
Mount Angel Seminary,15,
Mount Carmel College of Nursing,175,
Mount Holyoke College,3858,
Mount Ida College,2319,
Mount Marty College,408,
Mount Mary University,764,
Mount Mercy University,1108,
Mount Saint Joseph University,2187,
Mount Saint Mary College,3625,
Mount Saint Mary's University,2407,
Mount St Mary's University,6113,
Mount Vernon Nazarene University,1059,
MTI College,270,
Muhlenberg College,5015,
Multnomah University,214,
Murray State University,4874,
Musicians Institute,526,
Muskingum University,1977,
Naropa University,181,
National Conservatory of Dramatic Arts,3,
National Latino Education Institute,33,
National Louis University,243,
National University College-Arecibo,506,
National University College-Bayamon,1437,
National University College-Caguas,248,
National University College-Ponce,469,
National University College-Rio Grande,567,
Nazareth College,3677,
Nebraska Methodist College of Nursing & Allied Health,178,
Nebraska Wesleyan University,1689,
Neighborhood Playhouse School of the Theater,124,
Ner Israel Rabbinical College,133,
Neumann University,2253,
Neumont University,724,
Nevada State College,1110,
New Castle School of Trades,380,
New College of Florida,1655,
New England College,4987,
New England School of Photography,71,
New Hope Christian College-Eugene,54,
New Jersey City University,2789,
New Jersey Institute of Technology,6045,
New Mexico Institute of Mining and Technology,1628,
New Mexico Military Institute,835,
New Mexico State University-Main Campus,7427,
New York College of Health Professions,66,
New York Conservatory for Dramatic Arts,250,
New York Institute of Technology,8566,
New York School of Interior Design,155,
New York University,57727,
Newberry College,1163,
Newbury College,2593,
Newman University,1267,
Newschool of Architecture and Design,108,
Niagara University,2923,
Nicholls State University,2399,
Nichols College,2275,
Norfolk State University,2445,
North Carolina A & T State University,6010,
North Carolina Central University,7651,
North Carolina State University at Raleigh,21364,
North Carolina Wesleyan College,3102,
North Central College,7307,
North Central University,914,
North Dakota State University-Main Campus,5311,
North Greenville University,1613,
North Park University,3901,
North-West College-West Covina,197,
Northeast Catholic College,58,
Northeastern Illinois University,4499,
Northeastern State University,1559,
Northeastern University,50523,
Northern Arizona University,28937,
Northern Illinois University,17099,
Northern Kentucky University,7397,
Northern Michigan University,5820,
Northern State University,1314,
Northern Tier Career Center,25,
Northland College,852,
Northwest Christian University,369,
Northwest College of Art & Design,95,
Northwest Missouri State University,5009,
Northwest Nazarene University,1589,
Northwest University,766,
Northwestern College,1234,
Northwestern College-Chicago Campus,126,
Northwestern College-Southwestern Campus,343,
Northwestern Oklahoma State University,862,
Northwestern State University of Louisiana,3231,
Northwestern University,32122,
Northwood University,2192,
Northwood University-Texas,7,
Norwich University,3538,
Nossi College of Art,256,
Notre Dame College,2256,
Notre Dame de Namur University,1710,
Notre Dame of Maryland University,834,
Nova Southeastern University,4333,
Nyack College,489,
O'More College of Design,142,
Oak Hills Christian College,134,
Oakland City University,832,
Oakland University,10162,
Oakwood University,1992,
Oberlin College,7815,
Occidental College,5911,
Oglethorpe University,2768,
Ohio Dominican University,1410,
Ohio Northern University,3108,
Ohio State University-Main Campus,40240,
Ohio University-Main Campus,21000,
Ohio Valley University,882,
Ohio Wesleyan University,3949,
Ohr Hameir Theological Seminary,5,
Oklahoma Baptist University,4816,
Oklahoma Christian University,2597,
Oklahoma City University,1562,
Oklahoma Panhandle State University,634,
Oklahoma State University-Main Campus,12501,
Oklahoma Wesleyan University,2092,
Old Dominion University,9510,
Olivet College,3378,
Olivet Nazarene University,4133,
Omaha School of Massage and Healthcare of Herzing University,25,
Oral Roberts University,2339,
Orange Ulster BOCES-Practical Nursing Program,28,
Oregon College of Art and Craft,147,
Oregon Institute of Technology,1487,
Oregon State University,14058,
Oregon State University-Cascades Campus,208,
Orleans Niagara BOCES-Practical Nursing Program,101,
Orleans Technical College,195,
Otis College of Art and Design,1017,
Ottawa University-Ottawa,1002,
Otterbein University,2917,
Ouachita Baptist University,1753,
Our Lady of the Lake College,313,
Our Lady of the Lake University,3113,
Pace University-New York,17038,
Pacific Islands University,5,
Pacific Lutheran University,3623,
Pacific Northwest College of Art,295,
Pacific Rim Christian University,90,
Pacific Union College,2041,
Pacific University,3004,
Paine College,3790,
Palm Beach Atlantic University,1504,
Palmer College of Chiropractic,1,
Park University,998,
Paroba College of Cosmetology,47,
Paul Quinn College,3242,
Paul Smiths College of Arts and Science,1451,
Penn Commercial Business/Technical School,219,
Pennsylvania Academy of the Fine Arts,199,
Pennsylvania College of Art and Design,404,
Pennsylvania College of Health Sciences,660,
Pennsylvania State University-Main Campus,53472,
Pennsylvania State University-Penn State Abington,3946,
Pennsylvania State University-Penn State Altoona,5738,
Pennsylvania State University-Penn State Beaver,753,
Pennsylvania State University-Penn State Berks,2413,
Pennsylvania State University-Penn State Brandywine,1265,
Pennsylvania State University-Penn State DuBois,394,
Pennsylvania State University-Penn State Erie-Behrend College,4079,
Pennsylvania State University-Penn State Fayette- Eberly,659,
Pennsylvania State University-Penn State Greater Allegheny,594,
Pennsylvania State University-Penn State Harrisburg,3938,
Pennsylvania State University-Penn State Hazleton,763,
Pennsylvania State University-Penn State Lehigh Valley,843,
Pennsylvania State University-Penn State Mont Alto,688,
Pennsylvania State University-Penn State New Kensington,508,
Pennsylvania State University-Penn State Schuylkill,690,
Pennsylvania State University-Penn State Shenango,154,
Pennsylvania State University-Penn State Wilkes-Barre,411,
Pennsylvania State University-Penn State Worthington Scranton,733,
Pennsylvania State University-Penn State York,1397,
Pennsylvania State University-World Campus,1125,
Pepperdine University,9923,
Pfeiffer University,1627,
Philadelphia University,4129,
Phillips School of Nursing at Mount Sinai Beth Israel,8,
Piedmont College,1135,
Piedmont International University,219,
Pine Manor College,764,
Pittsburg State University,2697,
Pittsburgh Career Institute,126,
Pittsburgh Institute of Mortuary Science Inc,126,
Pittsburgh Technical College,2294,
Pitzer College,4149,
Platt College-Aurora,3,
Plaza College,1458,
Plymouth State University,6626,
Point Loma Nazarene University,2809,
Point Park University,4021,
Point University,862,
Pomeroy College of Nursing at Crouse Hospital,69,
Pomona College,8099,
Pontifical Catholic University of Puerto Rico-Arecibo,391,
Pontifical Catholic University of Puerto Rico-Mayaguez,667,
Pontifical Catholic University of Puerto Rico-Ponce,2462,
Pontifical College Josephinum,17,
Portfolio Center,7,
Portland Actors Conservatory,38,
Portland State University,6299,
Post University,2401,
Prairie View A & M University,5067,
Pratt Institute-Main,5571,
Presbyterian College,2072,
Prescott College,328,
Presentation College,305,
Princeton University,27290,
Principia College,159,
Prism Career Institute-Cherry Hill,137,
Prism Career Institute-Philadelphia,744,
Prism Career Institute-West Atlantic City,97,
Professional Skills Institute,91,
Providence Christian College,290,
Providence College,10215,
Puerto Rico Conservatory of Music,102,
Purdue University-Calumet Campus,2669,
Purdue University-Main Campus,45264,
Purdue University-North Central Campus,3432,
Putnam Westchester BOCES-Practical Nursing Program,87,
Queens University of Charlotte,2111,
Quincy University,1553,
Quinnipiac University,22745,
Rabbi Jacob Joseph School,25,
Rabbinical Academy Mesivta Rabbi Chaim Berlin,31,
Rabbinical College Beth Shraga,22,
Rabbinical College of America,57,
Rabbinical College of Ch'san Sofer New York,3,
Rabbinical College of Long Island,45,
Rabbinical College of Ohr Shimon Yisroel,62,
Rabbinical College Telshe,9,
Rabbinical Seminary of America,92,
Radford University,7617,
Ramapo College of New Jersey,7106,
Randall University,249,
Randolph College,1207,
Randolph Technical Center,50,
Randolph-Macon College,2968,
Raritan Valley Community College,2325,
Reading Hospital School of Health Sciences,80,
Reed College,5396,
Regent University,1699,
Regis College,2023,
Regis University,5493,
Reinhardt University,1158,
Remington College-Baton Rouge Campus,49,
Remington College-Cleveland Campus,245,
Remington College-Columbia Campus,149,
Remington College-Dallas Campus,442,
Remington College-Fort Worth Campus,299,
Remington College-Heathrow Campus,108,
Remington College-Honolulu Campus,286,
Remington College-Houston Southeast Campus,197,
Remington College-Lafayette Campus,195,
Remington College-Little Rock Campus,10,
Remington College-Memphis Campus,386,
Remington College-Mobile Campus,248,
Remington College-Nashville Campus,227,
Remington College-North Houston Campus,290,
Remington College-Shreveport Campus,156,
Rensselaer Polytechnic Institute,17752,
Rhode Island College,4732,
Rhode Island School of Design,2425,
Rhodes College,4666,
Rice University,17951,
Richard Bland College of William and Mary,2122,
Rider University,9851,
Ringling College of Art and Design,1492,
Rio Grande Bible Institute,27,
Ripon College,1874,
Riverside College of Health Careers,1,
Rivier University,1748,
Roane State Community College,2159,
Roanoke College,4325,
Robert Morris University,6579,
Robert Morris University Illinois,2967,
Roberts Wesleyan College,1330,
Rochester College,843,
Rochester Institute of Technology,18598,
Rockford University,2250,
Rockhurst University,2774,
Rocky Mountain College,1423,
Roger Williams University,9597,
Rogers State University,1057,
Rolf Institute of Structural Integration,3,
Rolla Technical Institute/Center,58,
Rollins College,4922,
Roosevelt University,3308,
Rose-Hulman Institute of Technology,4331,
Rosemont College,875,
Rowan University,12289,
Rust College,5307,
Rutgers University-Camden,7518,
Rutgers University-New Brunswick,35340,
Rutgers University-Newark,11646,
SABER College,164,
Sacred Heart Major Seminary,4,
Sacred Heart University,9259,
Saginaw Valley State University,7025,
Saint Ambrose University,2546,
Saint Anselm College,3955,
Saint Augustine's University,2581,
Saint Catharine College,462,
Saint Cloud State University,6110,
Saint Edward's University,5034,
Saint Elizabeth College of Nursing,18,
Saint Elizabeth School of Nursing,14,
Saint Francis University,1932,
Saint John Fisher College,4586,
Saint John Vianney College Seminary,7,
Saint Johns University,1609,
Saint Joseph's College of Maine,1390,
Saint Joseph's University,8325,
Saint Josephs College,1596,
Saint Leo University,3865,
Saint Louis Christian College,72,
Saint Louis University,13464,
Saint Martin's University,945,
Saint Mary's College,1722,
Saint Mary's College of California,3773,
Saint Mary's University of Minnesota,1447,
Saint Mary-of-the-Woods College,283,
Saint Michael's College,4767,
Saint Norbert College,3814,
Saint Peter's University,4528,
Saint Vincent College,1908,
Saint Xavier University,7883,
Salem College,903,
Salem State University,5164,
Saline County Career Center,15,
Salisbury University,8360,
Salve Regina University,4548,
Sam Houston State University,9242,
Samaritan Hospital School of Nursing,3,
Samford University,3196,
San Diego Christian College,433,
San Diego Culinary Institute,65,
San Diego State University,59051,
San Francisco Art Institute,563,
San Francisco Conservatory of Music,362,
San Francisco State University,35122,
San Jose State University,30584,
San Juan Bautista School of Medicine,17,
Santa Clara University,14899,
Santa Fe University of Art and Design,642,
Sarah Lawrence College,2814,
Savannah College of Art and Design,9841,
Savannah State University,2950,
School of Automotive Machinists & Technology,29,
School of Professional Horticulture  New York Botanical Garden,1,
School of the Art Institute of Chicago,4210,
School of the Museum of Fine Arts at Tufts University,305,
School of Visual Arts,3648,
Schreiner University,943,
Scripps College,2613,
Seattle Pacific University,5227,
Seattle University,7806,
Seminar L'moros Bais Yaakov,529,
Seton Hall University,14108,
Seton Hill University,2093,
Sewanee-The University of the South,4509,
Sh'or Yoshuv Rabbinical College,63,
Shasta Bible College and Graduate School,11,
Shaw University,5030,
Shawsheen Valley School of Practical Nursing,9,
Shenandoah University,2044,
Shepherd University,1648,
Shepherds College,38,
Shiloh University,2,
Shimer College,49,
Shippensburg University of Pennsylvania,6126,
Shorter University,1622,
Shorter University-College of Adult & Professional Programs,27,
Siena College,6905,
Siena Heights University,1777,
Sierra Nevada College,554,
Signature Healthcare Brockton Hospital School of Nursing,12,
Silver Lake College of the Holy Family,413,
Simmons College,4575,
Simpson College,1271,
Simpson University,623,
Skidmore College,8508,
Slippery Rock University of Pennsylvania,5781,
Smith College,5006,
Soka University of America,451,
Sonoma State University,15265,
South Carolina State University,2445,
South College-Asheville,30,
South Dakota School of Mines and Technology,1479,
South Dakota State University,5060,
South Hills School of Business & Technology,239,
Southeast Missouri Hospital College of Nursing and Health Sciences,225,
Southeast Missouri State University,4622,
Southeastern Baptist Theological Seminary,126,
Southeastern Bible College,18,
Southeastern Louisiana University,3718,
Southeastern Oklahoma State University,1051,
Southeastern Technical Institute,72,
Southeastern University,3823,
Southern Arkansas University Main Campus,2875,
Southern California Institute of Architecture,214,
Southern Connecticut State University,8113,
Southern Illinois University-Carbondale,10667,
Southern Illinois University-Edwardsville,7786,
Southern Methodist University,12992,
Southern New Hampshire University,3848,
Southern Oregon University,2411,
Southern University and A & M College,2505,
Southern University at New Orleans,1795,
Southern Utah University,8387,
Southern Vermont College,499,
Southern Virginia University,1755,
Southern Wesleyan University,874,
Southern Westchester BOCES-Practical Nursing Program,396,
Southside Regional Medical Center Professional Schools,2,
Southwest Baptist University,1857,
Southwest Minnesota State University,2013,
Southwest Tennessee Community College,5416,
Southwestern Adventist University,1476,
Southwestern Assemblies of God University,1459,
Southwestern Christian University,440,
Southwestern College,362,
Southwestern Oklahoma State University,2084,
Southwestern University,3736,
Spalding University,1469,
Spartanburg Methodist College,1261,
Spelman College,5051,
Spring Arbor University,1546,
Spring Hill College,7393,
Springfield College,4112,
St Andrews University,895,
St Bonaventure University,2996,
St Catherine University,2999,
St Francis College,2747,
St John's University-New York,36086,
St Joseph's College of Nursing at St Joseph's Hospital Health Center,18,
St Lawrence University,5876,
St Louis College of Health Careers-Fenton,89,
St Louis College of Pharmacy,451,
St Luke's College,15,
St Margaret School of Nursing,4,
St Mary's College of Maryland,1675,
St Olaf College,7571,
St Thomas University,1570,
St Vincent's College,75,
St. Gregory's University,382,
St. John's College,332,
St. John's College,177,
St. Joseph's College-New York,3220,
St. Mary's University,5832,
St. Thomas Aquinas College,1918,
Stanbridge College,712,
Standard Healthcare Services-College of Nursing,99,
Stanford University,42497,
State University of New York at New Paltz,14655,
Stephen F Austin State University,11382,
Stephens College,1220,
Sterling College,105,
Sterling College,1118,
Stetson University,11216,
Stevens Institute of Technology,6540,
Stevens-The Institute of Business & Arts,11,
Stevenson University,5747,
Stillman College,5349,
Stockton University,5483,
Stonehill College,5892,
Stony Brook University,34146,
Suffolk University,8492,
Sul Ross State University,1143,
Sullivan College of Technology and Design,79,
Summit Christian College,7,
SUNY at Albany,22337,
SUNY at Binghamton,30616,
SUNY at Fredonia,5824,
SUNY at Purchase College,7928,
SUNY Buffalo State,13679,
SUNY College at Brockport,9528,
SUNY College at Geneseo,9118,
SUNY College at Old Westbury,4474,
SUNY College at Oswego,10885,
SUNY College at Plattsburgh,8261,
SUNY College at Potsdam,4976,
SUNY College of Agriculture and Technology at Cobleskill,3107,
SUNY College of Environmental Science and Forestry,1619,
SUNY College of Technology at Alfred,4912,
SUNY College of Technology at Canton,2836,
SUNY College of Technology at Delhi,5151,
SUNY Cortland,11060,
SUNY Maritime College,1342,
SUNY Oneonta,11427,
SUNY Polytechnic Institute,2319,
Susquehanna University,5303,
Swarthmore College,7818,
Sweet Briar College,99,
Syracuse City Schools Practical Nursing Program,6,
Syracuse University,33254,
Tabor College,592,
Talmudical Academy-New Jersey,15,
Talmudical Seminary of Bobov,67,
Talmudical Seminary Oholei Torah,45,
Talmudical Yeshiva of Philadelphia,48,
Tarleton State University,9300,
Taylor Business Institute,137,
Taylor University,1716,
TDDS Technical Institute,1431,
Telshe Yeshiva-Chicago,21,
Temple University,28886,
Tennessee Technological University,5786,
Tennessee Wesleyan University,1085,
Texas A & M International University,6407,
Texas A & M University-College Station,33213,
Texas A & M University-Commerce,7195,
Texas A & M University-Corpus Christi,8909,
Texas A & M University-Kingsville,7344,
Texas A&M University-Texarkana,1411,
Texas Christian University,18423,
Texas Lutheran University,1863,
Texas Southern University,10487,
Texas State University,20711,
Texas Tech University,23010,
Texas Wesleyan University,3062,
Texas Woman's University,4772,
Thaddeus Stevens College of Technology,2742,
The Ailey School,161,
The Art Institute of Cincinnati-AIC College of Design,60,
The Baptist College of Florida,138,
The Boston Conservatory,1215,
The Christ College of Nursing and Health Sciences,192,
The College of Idaho,955,
The College of New Jersey,11290,
The College of New Rochelle,1161,
The College of Saint Rose,5599,
The College of Saint Scholastica,3589,
The College of Westchester,779,
The College of Wooster,5748,
The Creative Center,51,
The Evergreen State College,1744,
The Juilliard School,2551,
The King's University,63,
The Kings College,2529,
The Master's University and Seminary,490,
The New England Conservatory of Music,1170,
The New School,7339,
The Restaurant School at Walnut Hill College,367,
The Sage Colleges,2495,
The Southern Baptist Theological Seminary,531,
The University of Alabama,36203,
The University of Findlay,3106,
The University of Montana,5600,
The University of Tampa,18721,
The University of Tennessee-Chattanooga,6752,
The University of Tennessee-Knoxville,17081,
The University of Tennessee-Martin,3400,
The University of Texas at Arlington,10777,
The University of Texas at Austin,42392,
The University of Texas at Dallas,11237,
The University of Texas at El Paso,7134,
The University of Texas at San Antonio,15706,
The University of Texas at Tyler,2468,
The University of Texas of the Permian Basin,1154,
The University of Texas Rio Grande Valley,9055,
The University of the Arts,1608,
The University of Virginia's College at Wise,1042,
The University of West Florida,7104,
Theatre of Arts,27,
Thiel College,2275,
Thomas Aquinas College,189,
Thomas College,1079,
Thomas More College,1531,
Thomas More College of Liberal Arts,34,
Thomas University,361,
Tiffin University,2668,
Toccoa Falls College,759,
Torah Temimah Talmudical Seminary,28,
Tougaloo College,2321,
Touro College,2201,
Towson University,10947,
Transylvania University,1538,
Trevecca Nazarene University,1212,
Tribeca Flashpoint College,291,
Trident University International,78,
Trine University,3217,
Trine University-Arizona Regional Campus,2,
Trinity Baptist College,205,
Trinity Bible College and Graduate School,158,
Trinity Christian College,861,
Trinity College,7569,
Trinity College of Florida,57,
Trinity College of Nursing & Health Sciences,5,
Trinity Health System School of Nursing,2,
Trinity International University-Illinois,561,
Trinity Lutheran College,492,
Trinity University,5563,
Trinity Washington University,941,
Trocaire College,759,
Troy University,5569,
Truett McConnell University,485,
Truman State University,3900,
Tufts University,19063,
Tulane University of Louisiana,26257,
Tusculum College,2091,
Tuskegee University,7529,
Ulster BOCES School of Practical Nursing,105,
Union College,1337,
Union College,1361,
Union College,5996,
Union University,1830,
United States Air Force Academy,9122,
United States Coast Guard Academy,1948,
United States Merchant Marine Academy,1662,
United States Military Academy,14635,
United States Naval Academy,16101,
United Technical Center,25,
Unitek College,271,
Unitek College,276,
Unity College,831,
Universidad Adventista de las Antillas,316,
Universidad Central de Bayamon,748,
Universidad Central Del Caribe,34,
Universidad del Sagrado Corazon,7258,
University at Buffalo,23629,
University of Advancing Technology,644,
University of Akron Main Campus,15166,
University of Alabama at Birmingham,7672,
University of Alabama in Huntsville,3308,
University of Alaska Anchorage,3775,
University of Alaska Fairbanks,1554,
University of Alaska Southeast,458,
University of Arizona,35408,
University of Arkansas,20542,
University of Arkansas at Little Rock,1938,
University of Arkansas at Pine Bluff,4452,
University of Arkansas Community College-Morrilton,1202,
University of Arkansas-Fort Smith,3571,
University of Baltimore,674,
University of Bridgeport,6703,
University of California-Berkeley,78893,
University of California-Davis,64602,
University of California-Irvine,71775,
University of California-Los Angeles,92690,
University of California-Merced,18862,
University of California-Riverside,38511,
University of California-San Diego,78061,
University of California-Santa Barbara,70536,
University of California-Santa Cruz,45532,
University of Central Arkansas,5063,
University of Central Florida,35572,
University of Central Missouri,4818,
University of Central Oklahoma,5122,
University of Charleston,1949,
University of Chicago,30069,
University of Cincinnati-Main Campus,15286,
University of Colorado Boulder,31325,
University of Colorado Colorado Springs,8291,
University of Colorado Denver/Anschutz Medical Campus,8615,
University of Connecticut,34978,
University of Connecticut-Avery Point,251,
University of Connecticut-Stamford,276,
University of Connecticut-Tri-Campus,495,
University of Dallas,2228,
University of Dayton,16968,
University of Delaware,24881,
University of Denver,15036,
University of Detroit Mercy,4453,
University of Dubuque,1457,
University of Evansville,4167,
University of Florida,29220,
University of Florida-Online,617,
University of Georgia,21945,
University of Great Falls,2315,
University of Hartford,15093,
University of Hawaii at Hilo,1541,
University of Hawaii at Manoa,7690,
University of Hawaii-West Oahu,898,
University of Holy Cross,90,
University of Houston,17971,
University of Houston-Clear Lake,1014,
University of Houston-Downtown,3460,
University of Houston-Victoria,4145,
University of Idaho,6212,
University of Illinois at Chicago,15664,
University of Illinois at Springfield,1524,
University of Illinois at Urbana-Champaign,34277,
University of Indianapolis,7216,
University of Iowa,26222,
University of Jamestown,1131,
University of Kansas,15155,
University of Kentucky,18725,
University of La Verne,8179,
University of Louisiana at Lafayette,10897,
University of Louisiana at Monroe,3417,
University of Louisville,9685,
University of Maine,11044,
University of Maine at Farmington,1614,
University of Maine at Fort Kent,215,
University of Maine at Presque Isle,1442,
University of Mary,900,
University of Mary Hardin-Baylor,7504,
University of Mary Washington,5551,
University of Maryland Eastern Shore,7249,
University of Maryland-Baltimore County,10629,
University of Maryland-College Park,28434,
University of Massachusetts-Amherst,40130,
University of Massachusetts-Boston,9365,
University of Massachusetts-Dartmouth,7591,
University of Massachusetts-Lowell,10689,
University of Memphis,16672,
University of Miami,33419,
University of Michigan-Ann Arbor,51797,
University of Michigan-Dearborn,5346,
University of Michigan-Flint,3918,
University of Minnesota-Crookston,1093,
University of Minnesota-Duluth,7499,
University of Minnesota-Morris,3619,
University of Minnesota-Rochester,803,
University of Minnesota-Twin Cities,46165,
University of Mississippi,18059,
University of Missouri-Columbia,21988,
University of Missouri-Kansas City,4428,
University of Missouri-St Louis,1770,
University of Mobile,1180,
University of Montevallo,2024,
University of Mount Olive,2262,
University of Mount Union,2289,
University of Nebraska at Kearney,2511,
University of Nebraska at Omaha,5581,
University of Nebraska-Lincoln,9724,
University of Nevada-Las Vegas,7603,
University of Nevada-Reno,10454,
University of New England,4416,
University of New Hampshire at Manchester,205,
University of New Hampshire-Main Campus,19255,
University of New Haven,10748,
University of New Mexico-Main Campus,13189,
University of New Orleans,3932,
University of North Alabama,3319,
University of North Carolina at Asheville,3285,
University of North Carolina at Chapel Hill,31143,
University of North Carolina at Charlotte,16383,
University of North Carolina at Greensboro,10566,
University of North Carolina at Pembroke,4596,
University of North Carolina School of the Arts,887,
University of North Carolina Wilmington,11444,
University of North Dakota,4920,
University of North Florida,10902,
University of North Georgia,7561,
University of North Texas,16253,
University of North Texas at Dallas,2001,
University of Northern Colorado,7143,
University of Northern Iowa,5394,
University of Northwestern-St Paul,1338,
University of Notre Dame,18157,
University of Oklahoma-Norman Campus,12002,
University of Oregon,22000,
University of Pennsylvania,37268,
University of Pikeville,2408,
University of Pittsburgh Medical Center-Shadyside School of Nursing,12,
University of Pittsburgh-Bradford,3181,
University of Pittsburgh-Greensburg,2044,
University of Pittsburgh-Johnstown,3456,
University of Pittsburgh-Pittsburgh Campus,30626,
University of Pittsburgh-Titusville,650,
University of Portland,11200,
University of Puerto Rico-Aguadilla,1133,
University of Puerto Rico-Arecibo,1208,
University of Puerto Rico-Bayamon,5366,
University of Puerto Rico-Carolina,4237,
University of Puerto Rico-Cayey,1100,
University of Puerto Rico-Humacao,2169,
University of Puerto Rico-Mayaguez,3318,
University of Puerto Rico-Ponce,2138,
University of Puerto Rico-Rio Piedras,10722,
University of Puerto Rico-Utuado,2422,
University of Puget Sound,5827,
University of Redlands,4790,
University of Rhode Island,20366,
University of Richmond,9977,
University of Rochester,17912,
University of Saint Francis-Fort Wayne,991,
University of Saint Joseph,751,
University of Saint Mary,940,
University of San Diego,13675,
University of San Francisco,15462,
University of Science and Arts of Oklahoma,706,
University of Scranton,10049,
University of Sioux Falls,1733,
University of South Alabama,6625,
University of South Carolina-Aiken,2341,
University of South Carolina-Beaufort,1970,
University of South Carolina-Columbia,25740,
University of South Carolina-Lancaster,734,
University of South Carolina-Salkehatchie,855,
University of South Carolina-Sumter,497,
University of South Carolina-Union,328,
University of South Carolina-Upstate,4056,
University of South Dakota,4218,
University of South Florida-Main Campus,30393,
University of South Florida-Sarasota-Manatee,494,
University of South Florida-St Petersburg,5122,
University of Southern California,51924,
University of Southern Indiana,6215,
University of Southern Maine,3402,
University of Southern Mississippi,6046,
University of St Francis,1423,
University of St Thomas,874,
University of St Thomas,5436,
University of the Cumberlands,2431,
University of the Incarnate Word,4050,
University of the Ozarks,744,
University of the Pacific,14449,
University of the Sciences,3738,
University of the Virgin Islands,1094,
University of Toledo,10678,
University of Tulsa,6762,
University of Utah,12174,
University of Valley Forge,476,
University of Vermont,25274,
University of Virginia-Main Campus,30840,
University of Washington-Bothell Campus,2840,
University of Washington-Seattle Campus,36840,
University of Washington-Tacoma Campus,1577,
University of West Alabama,1195,
University of West Georgia,7878,
University of Wisconsin Colleges,5414,
University of Wisconsin-Eau Claire,5806,
University of Wisconsin-Green Bay,2137,
University of Wisconsin-La Crosse,6051,
University of Wisconsin-Madison,28007,
University of Wisconsin-Milwaukee,8758,
University of Wisconsin-Oshkosh,4755,
University of Wisconsin-Parkside,1662,
University of Wisconsin-Platteville,3531,
University of Wisconsin-River Falls,2476,
University of Wisconsin-Stevens Point,4381,
University of Wisconsin-Stout,3195,
University of Wisconsin-Superior,1006,
University of Wisconsin-Whitewater,6082,
University of Wyoming,4657,
Upper Cape Cod Regional Technical School,116,
Upper Iowa University,1794,
Urbana University,459,
Ursinus College,2634,
Ursuline College,723,
Utah State University,16158,
Utica College,5151,
Valdosta State University,5564,
Valley City State University,403,
Valley Forge Military College,1326,
Valparaiso University,6657,
Vanderbilt University,31464,
VanderCook College of Music,47,
Vanguard University of Southern California,1487,
Vassar College,7567,
Vaughn College of Aeronautics and Technology,748,
Venango County Area Vocational Technical School,55,
Vermont Technical College,443,
Vet Tech Institute of Houston,157,
Villa Maria College,315,
Villanova University,16206,
Virginia Commonwealth University,14815,
Virginia Marti College of Art and Design,28,
Virginia Military Institute,1779,
Virginia Polytechnic Institute and State University,22280,
Virginia State University,6650,
Virginia Union University,7337,
Virginia Wesleyan College,1850,
Visible Music College,17,
Viterbo University,1430,
Voorhees College,1393,
Wabash College,1247,
Wagner College,2803,
Wake Forest University,13281,
Waldorf University,873,
Walla Walla University,1816,
Walsh University,1447,
Warner Pacific College,1418,
Warner University,625,
Warren Wilson College,809,
Wartburg College,2147,
Washburn Institute of Technology,1060,
Washington & Jefferson College,6835,
Washington Adventist University,1375,
Washington and Lee University,5377,
Washington College,6847,
Washington Hospital School of Radiologic Technology,4,
Washington Saratoga Warren Hamilton Essex BOCES-Practical Nursing Program,59,
Washington State University,19766,
Washington University in St Louis,29259,
Watkins College of Art Design & Film,117,
Wayland Baptist University,542,
Wayne State University,10009,
Waynesburg University,1418,
Webb Institute,105,
Webber International University,739,
Webster University,1994,
Wellesley College,4623,
Wells College,2225,
Wentworth Institute of Technology,6975,
Wesley College,4051,
Wesleyan University,9822,
West Chester University of Pennsylvania,12624,
West Coast University-Dallas,10,
West Coast University-Los Angeles,12,
West Coast University-Miami,5,
West Coast University-Ontario,26,
West Coast University-Orange County,47,
West Liberty University,1692,
West Texas A & M University,5557,
West Virginia State University,1439,
West Virginia University,15353,
West Virginia University Institute of Technology,929,
West Virginia Wesleyan College,1782,
Western Area Career & Technology Center,33,
Western Carolina University,17699,
Western Connecticut State University,5235,
Western Illinois University,10877,
Western Kentucky University,8957,
Western Michigan University,15175,
Western New England University,6207,
Western Oregon University,3327,
Western Pennsylvania Hospital School of Nursing,33,
Western State Colorado University,1631,
Western Washington University,9933,
Westfield State University,5140,
Westminster College,2001,
Westminster College,1789,
Westminster College,1762,
Westmont College,2077,
Wheaton College,4322,
Wheaton College,1971,
Wheeling Jesuit University,1217,
Wheelock College,1331,
Whitman College,3790,
Whittier College,5192,
Whitworth University,4545,
Wichita State University,5430,
Widener University,5421,
Wilberforce University,1596,
Wilkes University,3164,
Willamette University,6332,
William Carey University,842,
William Jessup University,522,
William Jewell College,1456,
William Paterson University of New Jersey,9851,
William Peace University,1829,
William Penn University,1153,
William Woods University,863,
Williams Baptist College,582,
Williams College,6883,
Wilmington College,2240,
Wilson College,1112,
Wilson Workforce and Rehabilitation Center,64,
Wingate University,8018,
Winona State University,6780,
Winston-Salem State University,4478,
Winthrop University,4876,
Wisconsin Lutheran College,710,
Wittenberg University,6487,
Wofford College,2792,
Wood County School of Practical Nursing,6,
Wood Tobe-Coburn School,540,
Woodbury University,1342,
Worcester Polytechnic Institute,10172,
Worcester State University,3703,
Wright State University-Lake Campus,385,
Wright State University-Main Campus,5560,
Xavier University,10661,
Xavier University of Louisiana,4847,
Yale University,30236,
Yeshiva D'monsey Rabbinical College,18,
Yeshiva Derech Chaim,58,
Yeshiva Gedola Ohr Yisrael,4,
Yeshiva Gedolah Kesser Torah,28,
Yeshiva Gedolah of Greater Detroit,17,
Yeshiva Gedolah Zichron Leyma,7,
Yeshiva Karlin Stolin,38,
Yeshiva of Far Rockaway Derech Ayson Rabbinical Seminary,27,
Yeshiva of Machzikai Hadas,86,
Yeshiva of the Telshe Alumni,25,
Yeshiva Ohr Elchonon Chabad West Coast Talmudical Seminary,101,
Yeshiva Shaar Hatorah,41,
Yeshiva Sholom Shachna,29,
Yeshiva Toras Chaim,62,
Yeshiva University,1558,
Yeshiva Yesodei Hatorah,17,
Yeshivas Be'er Yitzchok,35,
Yeshivas Novominsk,42,
Yeshivat Mikdash Melech,4,
Yeshivath Viznitz,109,
Yeshivath Zichron Moshe,12,
York College,615,
York College Pennsylvania,13235,
Young Harris College,2232,
Youngstown State University,7966,
Zaytuna College,21,
